{"cameraMode":{"drawMode":0,"name":"Shaded","section":"Shading Mode"},"sceneLighting":true,"audioPlay":false,"sceneViewState":{"m_AlwaysRefresh":false,"showFog":true,"showSkybox":true,"showFlares":true,"showImageEffects":true,"showParticleSystems":true,"showVisualEffectGraphs":true,"m_FxEnabled":true},"in2DMode":false,"pivot":{"x":3.7994089126586916,"y":0.3150821626186371,"z":5.519331455230713},"rotation":{"x":0.001155424164608121,"y":-0.9812666773796082,"z":0.005887666251510382,"w":0.19258418679237367},"size":3.2258005142211916,"orthographic":false}